[
	{
		"src": "https://ss1.baidu.com/-4o3dSag_xI4khGko9WTAnF6hhy/bainuo/crop%3D0%2C0%2C720%2C436%3Bw%3D720%3Bq%3D99/sign=477179c1758da9775a60dc6b8d61d429/ca1349540923dd545baf1d9ad709b3de9d824867.jpg",
		"desc": "三宝粥铺50元代金券",
		"price": "¥67"
	},
	{
		"src": "https://ss1.baidu.com/-4o3dSag_xI4khGko9WTAnF6hhy/bainuo/crop%3D0%2C0%2C720%2C436%3Bw%3D720%3Bq%3D80/sign=83315cf9b651f819e56a590ae78466dd/18d8bc3eb13533fa38a849fcaed3fd1f40345bc2.jpg",
		"desc": "沁韵渔火100元代金券",
		"price": "¥85"
	},
	{
		"src": "https://ss1.baidu.com/-4o3dSag_xI4khGko9WTAnF6hhy/bainuo/crop%3D0%2C0%2C470%2C285%3Bw%3D470%3Bq%3D80/sign=93dbce0bb7119313d30ca5f0580820e7/f636afc379310a557381de3db24543a983261055.jpg",
		"desc": "尚东100元代金券",
		"price": "¥26"
	},
	{
		"src": "https://ss1.baidu.com/-4o3dSag_xI4khGko9WTAnF6hhy/bainuo/crop%3D1%2C0%2C549%2C333%3Bw%3D469%3Bq%3D80/sign=239f0a45b0003af359f58620081bea6c/f636afc379310a55a65534b8b14543a98226100c.jpg",
		"desc": "绝味鸭脖30元代金券",
		"price": "¥26.6"
	}
]
