[
	{
		"src": "http://a1.jikexueyuan.com/home/201601/15/7eaa/569857904521c.jpg",
		"intro": "FileMaker 14 高级教学（五）逻辑解决方案：脚本篇（上）",
		"desc": "本章作为脚本的上篇主要从基本模块入手，介绍怎样快速新建脚本，脚本的一些相关工具以及怎样自定义菜单。在下篇中我们将继续深入的讲解脚本的其它相关知识点。",
		"time": "4课时 48分钟"
	},
	{
		"src": "http://a1.jikexueyuan.com/home/201601/15/7eaa/569857904521c.jpg",
		"intro": "FileMaker 14 高级教学（五）逻辑解决方案：脚本篇（上）",
		"desc": "本章作为脚本的上篇主要从基本模块入手，介绍怎样快速新建脚本，脚本的一些相关工具以及怎样自定义菜单。在下篇中我们将继续深入的讲解脚本的其它相关知识点。",
		"time": "4课时 48分钟"
	},
	{
		"src": "http://a1.jikexueyuan.com/home/201601/15/7eaa/569857904521c.jpg",
		"intro": "FileMaker 14 高级教学（五）逻辑解决方案：脚本篇（上）",
		"desc": "本章作为脚本的上篇主要从基本模块入手，介绍怎样快速新建脚本，脚本的一些相关工具以及怎样自定义菜单。在下篇中我们将继续深入的讲解脚本的其它相关知识点。",
		"time": "4课时 48分钟"
	},
	{
		"src": "http://a1.jikexueyuan.com/home/201601/15/7eaa/569857904521c.jpg",
		"intro": "FileMaker 14 高级教学（五）逻辑解决方案：脚本篇（上）",
		"desc": "本章作为脚本的上篇主要从基本模块入手，介绍怎样快速新建脚本，脚本的一些相关工具以及怎样自定义菜单。在下篇中我们将继续深入的讲解脚本的其它相关知识点。",
		"time": "4课时 48分钟"
	},
	{
		"src": "http://a1.jikexueyuan.com/home/201601/15/7eaa/569857904521c.jpg",
		"intro": "FileMaker 14 高级教学（五）逻辑解决方案：脚本篇（上）",
		"desc": "本章作为脚本的上篇主要从基本模块入手，介绍怎样快速新建脚本，脚本的一些相关工具以及怎样自定义菜单。在下篇中我们将继续深入的讲解脚本的其它相关知识点。",
		"time": "4课时 48分钟"
	},
	{
		"src": "http://a1.jikexueyuan.com/home/201601/15/7eaa/569857904521c.jpg",
		"intro": "FileMaker 14 高级教学（五）逻辑解决方案：脚本篇（上）",
		"desc": "本章作为脚本的上篇主要从基本模块入手，介绍怎样快速新建脚本，脚本的一些相关工具以及怎样自定义菜单。在下篇中我们将继续深入的讲解脚本的其它相关知识点。",
		"time": "4课时 48分钟"
	},
	{
		"src": "http://a1.jikexueyuan.com/home/201601/15/7eaa/569857904521c.jpg",
		"intro": "FileMaker 14 高级教学（五）逻辑解决方案：脚本篇（上）",
		"desc": "本章作为脚本的上篇主要从基本模块入手，介绍怎样快速新建脚本，脚本的一些相关工具以及怎样自定义菜单。在下篇中我们将继续深入的讲解脚本的其它相关知识点。",
		"time": "4课时 48分钟"
	},
	{
		"src": "http://a1.jikexueyuan.com/home/201601/15/7eaa/569857904521c.jpg",
		"intro": "FileMaker 14 高级教学（五）逻辑解决方案：脚本篇（上）",
		"desc": "本章作为脚本的上篇主要从基本模块入手，介绍怎样快速新建脚本，脚本的一些相关工具以及怎样自定义菜单。在下篇中我们将继续深入的讲解脚本的其它相关知识点。",
		"time": "4课时 48分钟"
	}
]
