[
	{
		"src": "http://a1.jikexueyuan.com/home/201505/29/8dcf/5567c81a548e7.jpg",
		"intro": "Google IO 2015 大揭秘",
		"desc": "今天凌晨 Google IO 2015 大会举行，在大会上 Google 推出了包括 Android M、Android Studio 1.3、Android Wear、Brillo 在内的很多新的好玩的东西，我在第一时间录制这个视频和大家分享认知。",
		"time": "4课时 20分钟"
	},
	{
		"src": "http://a1.jikexueyuan.com/home/201505/29/8dcf/5567c81a548e7.jpg",
		"intro": "Google IO 2015 大揭秘",
		"desc": "今天凌晨 Google IO 2015 大会举行，在大会上 Google 推出了包括 Android M、Android Studio 1.3、Android Wear、Brillo 在内的很多新的好玩的东西，我在第一时间录制这个视频和大家分享认知。",
		"time": "4课时 20分钟"
	},
	{
		"src": "http://a1.jikexueyuan.com/home/201505/29/8dcf/5567c81a548e7.jpg",
		"intro": "Google IO 2015 大揭秘",
		"desc": "今天凌晨 Google IO 2015 大会举行，在大会上 Google 推出了包括 Android M、Android Studio 1.3、Android Wear、Brillo 在内的很多新的好玩的东西，我在第一时间录制这个视频和大家分享认知。",
		"time": "4课时 20分钟"
	},
	{
		"src": "http://a1.jikexueyuan.com/home/201505/29/8dcf/5567c81a548e7.jpg",
		"intro": "Google IO 2015 大揭秘",
		"desc": "今天凌晨 Google IO 2015 大会举行，在大会上 Google 推出了包括 Android M、Android Studio 1.3、Android Wear、Brillo 在内的很多新的好玩的东西，我在第一时间录制这个视频和大家分享认知。",
		"time": "4课时 20分钟"
	},
	{
		"src": "http://a1.jikexueyuan.com/home/201505/29/8dcf/5567c81a548e7.jpg",
		"intro": "Google IO 2015 大揭秘",
		"desc": "今天凌晨 Google IO 2015 大会举行，在大会上 Google 推出了包括 Android M、Android Studio 1.3、Android Wear、Brillo 在内的很多新的好玩的东西，我在第一时间录制这个视频和大家分享认知。",
		"time": "4课时 20分钟"
	},
	{
		"src": "http://a1.jikexueyuan.com/home/201505/29/8dcf/5567c81a548e7.jpg",
		"intro": "Google IO 2015 大揭秘",
		"desc": "今天凌晨 Google IO 2015 大会举行，在大会上 Google 推出了包括 Android M、Android Studio 1.3、Android Wear、Brillo 在内的很多新的好玩的东西，我在第一时间录制这个视频和大家分享认知。",
		"time": "4课时 20分钟"
	},
	{
		"src": "http://a1.jikexueyuan.com/home/201505/29/8dcf/5567c81a548e7.jpg",
		"intro": "Google IO 2015 大揭秘",
		"desc": "今天凌晨 Google IO 2015 大会举行，在大会上 Google 推出了包括 Android M、Android Studio 1.3、Android Wear、Brillo 在内的很多新的好玩的东西，我在第一时间录制这个视频和大家分享认知。",
		"time": "4课时 20分钟"
	},
	{
		"src": "http://a1.jikexueyuan.com/home/201505/29/8dcf/5567c81a548e7.jpg",
		"intro": "Google IO 2015 大揭秘",
		"desc": "今天凌晨 Google IO 2015 大会举行，在大会上 Google 推出了包括 Android M、Android Studio 1.3、Android Wear、Brillo 在内的很多新的好玩的东西，我在第一时间录制这个视频和大家分享认知。",
		"time": "4课时 20分钟"
	}
	
]
