[
	{
		"src": "http://a1.jikexueyuan.com/home/201601/12/5643/56946646c4e83.jpg",
		"intro": "CSS3 实现 3D 立方体旋转和图形挤压变形动画特效",
		"desc": "本课程讲解，使用 CSS3，完成 3D 立方体旋转和图形挤压变形动画特效，能够熟练运用 CSS3中，有关 3D 空间的相关属性，实现立体动画效果，并能理解和掌握 CSS3 中 filter 属性，在项目中的运用。",
		"time": "4课时 48分钟"
	},
	{
		"src": "http://a1.jikexueyuan.com/home/201601/12/5643/56946646c4e83.jpg",
		"intro": "CSS3 实现 3D 立方体旋转和图形挤压变形动画特效",
		"desc": "本课程讲解，使用 CSS3，完成 3D 立方体旋转和图形挤压变形动画特效，能够熟练运用 CSS3中，有关 3D 空间的相关属性，实现立体动画效果，并能理解和掌握 CSS3 中 filter 属性，在项目中的运用。",
		"time": "4课时 48分钟"
	},
	{
		"src": "http://a1.jikexueyuan.com/home/201601/12/5643/56946646c4e83.jpg",
		"intro": "CSS3 实现 3D 立方体旋转和图形挤压变形动画特效",
		"desc": "本课程讲解，使用 CSS3，完成 3D 立方体旋转和图形挤压变形动画特效，能够熟练运用 CSS3中，有关 3D 空间的相关属性，实现立体动画效果，并能理解和掌握 CSS3 中 filter 属性，在项目中的运用。",
		"time": "4课时 48分钟"
	},
	{
		"src": "http://a1.jikexueyuan.com/home/201601/12/5643/56946646c4e83.jpg",
		"intro": "CSS3 实现 3D 立方体旋转和图形挤压变形动画特效",
		"desc": "本课程讲解，使用 CSS3，完成 3D 立方体旋转和图形挤压变形动画特效，能够熟练运用 CSS3中，有关 3D 空间的相关属性，实现立体动画效果，并能理解和掌握 CSS3 中 filter 属性，在项目中的运用。",
		"time": "4课时 48分钟"
	},
	{
		"src": "http://a1.jikexueyuan.com/home/201601/12/5643/56946646c4e83.jpg",
		"intro": "CSS3 实现 3D 立方体旋转和图形挤压变形动画特效",
		"desc": "本课程讲解，使用 CSS3，完成 3D 立方体旋转和图形挤压变形动画特效，能够熟练运用 CSS3中，有关 3D 空间的相关属性，实现立体动画效果，并能理解和掌握 CSS3 中 filter 属性，在项目中的运用。",
		"time": "4课时 48分钟"
	},
	{
		"src": "http://a1.jikexueyuan.com/home/201601/12/5643/56946646c4e83.jpg",
		"intro": "CSS3 实现 3D 立方体旋转和图形挤压变形动画特效",
		"desc": "本课程讲解，使用 CSS3，完成 3D 立方体旋转和图形挤压变形动画特效，能够熟练运用 CSS3中，有关 3D 空间的相关属性，实现立体动画效果，并能理解和掌握 CSS3 中 filter 属性，在项目中的运用。",
		"time": "4课时 48分钟"
	},
	{
		"src": "http://a1.jikexueyuan.com/home/201601/12/5643/56946646c4e83.jpg",
		"intro": "CSS3 实现 3D 立方体旋转和图形挤压变形动画特效",
		"desc": "本课程讲解，使用 CSS3，完成 3D 立方体旋转和图形挤压变形动画特效，能够熟练运用 CSS3中，有关 3D 空间的相关属性，实现立体动画效果，并能理解和掌握 CSS3 中 filter 属性，在项目中的运用。",
		"time": "4课时 48分钟"
	},
	{
		"src": "http://a1.jikexueyuan.com/home/201601/12/5643/56946646c4e83.jpg",
		"intro": "CSS3 实现 3D 立方体旋转和图形挤压变形动画特效",
		"desc": "本课程讲解，使用 CSS3，完成 3D 立方体旋转和图形挤压变形动画特效，能够熟练运用 CSS3中，有关 3D 空间的相关属性，实现立体动画效果，并能理解和掌握 CSS3 中 filter 属性，在项目中的运用。",
		"time": "4课时 48分钟"
	}
]
