[
	{
		"src": "http://a1.jikexueyuan.com/home/201601/15/c486/569858bc8acfd.jpg",
		"intro": "构建多种类型的 OSPF 区域",
		"desc": "本课程主要讲解 OSPF 的路由类型、末节区域和虚链路，它们涵盖了 OSPF 环境下的大部分区域设计情况。通过对本课程的学习，使学生可以独立搭建相对复杂的 OSPF 网络环境。",
		"time": "3课时 49分钟"
	},
	{
		"src": "http://a1.jikexueyuan.com/home/201601/15/c486/569858bc8acfd.jpg",
		"intro": "构建多种类型的 OSPF 区域",
		"desc": "本课程主要讲解 OSPF 的路由类型、末节区域和虚链路，它们涵盖了 OSPF 环境下的大部分区域设计情况。通过对本课程的学习，使学生可以独立搭建相对复杂的 OSPF 网络环境。",
		"time": "3课时 49分钟"
	},
	{
		"src": "http://a1.jikexueyuan.com/home/201601/15/c486/569858bc8acfd.jpg",
		"intro": "构建多种类型的 OSPF 区域",
		"desc": "本课程主要讲解 OSPF 的路由类型、末节区域和虚链路，它们涵盖了 OSPF 环境下的大部分区域设计情况。通过对本课程的学习，使学生可以独立搭建相对复杂的 OSPF 网络环境。",
		"time": "3课时 49分钟"
	},
	{
		"src": "http://a1.jikexueyuan.com/home/201601/15/c486/569858bc8acfd.jpg",
		"intro": "构建多种类型的 OSPF 区域",
		"desc": "本课程主要讲解 OSPF 的路由类型、末节区域和虚链路，它们涵盖了 OSPF 环境下的大部分区域设计情况。通过对本课程的学习，使学生可以独立搭建相对复杂的 OSPF 网络环境。",
		"time": "3课时 49分钟"
	},
	{
		"src": "http://a1.jikexueyuan.com/home/201601/15/c486/569858bc8acfd.jpg",
		"intro": "构建多种类型的 OSPF 区域",
		"desc": "本课程主要讲解 OSPF 的路由类型、末节区域和虚链路，它们涵盖了 OSPF 环境下的大部分区域设计情况。通过对本课程的学习，使学生可以独立搭建相对复杂的 OSPF 网络环境。",
		"time": "3课时 49分钟"
	},
	{
		"src": "http://a1.jikexueyuan.com/home/201601/15/c486/569858bc8acfd.jpg",
		"intro": "构建多种类型的 OSPF 区域",
		"desc": "本课程主要讲解 OSPF 的路由类型、末节区域和虚链路，它们涵盖了 OSPF 环境下的大部分区域设计情况。通过对本课程的学习，使学生可以独立搭建相对复杂的 OSPF 网络环境。",
		"time": "3课时 49分钟"
	},
	{
		"src": "http://a1.jikexueyuan.com/home/201601/15/c486/569858bc8acfd.jpg",
		"intro": "构建多种类型的 OSPF 区域",
		"desc": "本课程主要讲解 OSPF 的路由类型、末节区域和虚链路，它们涵盖了 OSPF 环境下的大部分区域设计情况。通过对本课程的学习，使学生可以独立搭建相对复杂的 OSPF 网络环境。",
		"time": "3课时 49分钟"
	},
	{
		"src": "http://a1.jikexueyuan.com/home/201601/15/c486/569858bc8acfd.jpg",
		"intro": "构建多种类型的 OSPF 区域",
		"desc": "本课程主要讲解 OSPF 的路由类型、末节区域和虚链路，它们涵盖了 OSPF 环境下的大部分区域设计情况。通过对本课程的学习，使学生可以独立搭建相对复杂的 OSPF 网络环境。",
		"time": "3课时 49分钟"
	}
	
]
